Sheet,Reference,Value,Footprint,Manufacturer,MPN,Qty,RoutingGate
Audio-TDM-Clock,C101,100nF,Capacitor_SMD:C_0402_1005Metric,TDK,C1005X7R1H104K050BB,1,
Audio-TDM-Clock,C102,100nF,Capacitor_SMD:C_0402_1005Metric,TDK,C1005X7R1H104K050BB,1,
Audio-TDM-Clock,C103,100nF,Capacitor_SMD:C_0402_1005Metric,TDK,C1005X7R1H104K050BB,1,
Audio-TDM-Clock,C104,100nF,Capacitor_SMD:C_0402_1005Metric,TDK,C1005X7R1H104K050BB,1,
Audio-TDM-Clock,C105,100nF,Capacitor_SMD:C_0402_1005Metric,TDK,C1005X7R1H104K050BB,1,
Audio-TDM-Clock,C106,4.7uF,Capacitor_SMD:C_0805_2012Metric,Murata,GRM21BR71A475KA73L,1,
Audio-TDM-Clock,C107,100nF,Capacitor_SMD:C_0402_1005Metric,TDK,C1005X7R1H104K050BB,1,
Audio-TDM-Clock,J101,AUDIO_TDM_CONTROL,Connector_Molex_Milligrid:Molex_8783230xx_2x15_P2.0mm_Header_Vertical_Polarized_MountingPegs,Molex,87832-6423,1,
Audio-TDM-Clock,R111,10k 0.1%,Resistor_SMD:R_0603_1608Metric,Yageo,RC0603FR-0710KL,1,
Audio-TDM-Clock,R112,10k 0.1%,Resistor_SMD:R_0603_1608Metric,Yageo,RC0603FR-0710KL,1,
Audio-TDM-Clock,R113,10k 0.1%,Resistor_SMD:R_0603_1608Metric,Yageo,RC0603FR-0710KL,1,
Audio-TDM-Clock,R114,10k 0.1%,Resistor_SMD:R_0603_1608Metric,Yageo,RC0603FR-0710KL,1,
Audio-TDM-Clock,R115,4.7k 0.1%,Resistor_SMD:R_0603_1608Metric,Yageo,RC0603FR-074K7L,1,
Audio-TDM-Clock,R116,4.7k 0.1%,Resistor_SMD:R_0603_1608Metric,Yageo,RC0603FR-074K7L,1,
Audio-TDM-Clock,R117,100k 1%,Resistor_SMD:R_0603_1608Metric,Yageo,RC0603FR-07100KL,1,
Audio-TDM-Clock,U101,SN65LVDT2D,Package_SO:SOIC-8_3.9x4.9mm_P1.27mm,Texas Instruments,SN65LVDT2DR,1,
Audio-TDM-Clock,U102,SN65LVDT2D,Package_SO:SOIC-8_3.9x4.9mm_P1.27mm,Texas Instruments,SN65LVDT2DR,1,
Audio-TDM-Clock,U103,SN65LVDT2D,Package_SO:SOIC-8_3.9x4.9mm_P1.27mm,Texas Instruments,SN65LVDT2DR,1,
Audio-TDM-Clock,U104,SN65LVDT2D,Package_SO:SOIC-8_3.9x4.9mm_P1.27mm,Texas Instruments,SN65LVDT2DR,1,
Audio-TDM-Clock,U105,SN65LVDS1D,Package_SO:SOIC-8_3.9x4.9mm_P1.27mm,Texas Instruments,SN65LVDS1DR,1,
Audio-TDM-Clock,U106,SN74LVC1G11DBVR,Package_TO_SOT_SMD:SOT-23-6,Texas Instruments,SN74LVC1G11DBVR,1,
AK5558-ADC,C261,100nF,Capacitor_SMD:C_0402_1005Metric,TDK,C1005X7R1H104K050BB,1,
AK5558-ADC,C262,100nF,Capacitor_SMD:C_0402_1005Metric,TDK,C1005X7R1H104K050BB,1,
AK5558-ADC,C263,100nF,Capacitor_SMD:C_0402_1005Metric,TDK,C1005X7R1H104K050BB,1,
AK5558-ADC,C264,100nF,Capacitor_SMD:C_0402_1005Metric,TDK,C1005X7R1H104K050BB,1,
AK5558-ADC,C271,100uF 6.3V polymer,Capacitor_SMD:CP_Elec_6.3x5.8,Panasonic,6SVP100M,1,
AK5558-ADC,C272,100uF 6.3V polymer,Capacitor_SMD:CP_Elec_6.3x5.8,Panasonic,6SVP100M,1,
AK5558-ADC,C273,100uF 6.3V polymer,Capacitor_SMD:CP_Elec_6.3x5.8,Panasonic,6SVP100M,1,
AK5558-ADC,C274,100uF 6.3V polymer,Capacitor_SMD:CP_Elec_6.3x5.8,Panasonic,6SVP100M,1,
AK5558-ADC,C281,4.7uF,Capacitor_SMD:C_0805_2012Metric,Murata,GRM21BR71A475KA73L,1,
AK5558-ADC,C282,100nF,Capacitor_SMD:C_0402_1005Metric,TDK,C1005X7R1H104K050BB,1,
AK5558-ADC,C283,10uF,Capacitor_SMD:C_0603_1608Metric,Murata,GRM188R71A106KA73D,1,
AK5558-ADC,C284,100nF,Capacitor_SMD:C_0402_1005Metric,TDK,C1005X7R1H104K050BB,1,
AK5558-ADC,C285,10uF,Capacitor_SMD:C_0603_1608Metric,Murata,GRM188R71A106KA73D,1,
AK5558-ADC,C286,100nF,Capacitor_SMD:C_0402_1005Metric,TDK,C1005X7R1H104K050BB,1,
AK5558-ADC,C287,10uF,Capacitor_SMD:C_0603_1608Metric,Murata,GRM188R71A106KA73D,1,
AK5558-ADC,R221,10k 0.1%,Resistor_SMD:R_0603_1608Metric,Yageo,RC0603FR-0710KL,1,
AK5558-ADC,R222,10k 0.1%,Resistor_SMD:R_0603_1608Metric,Yageo,RC0603FR-0710KL,1,
AK5558-ADC,R223,10k 0.1%,Resistor_SMD:R_0603_1608Metric,Yageo,RC0603FR-0710KL,1,
AK5558-ADC,R224,10k 0.1%,Resistor_SMD:R_0603_1608Metric,Yageo,RC0603FR-0710KL,1,
AK5558-ADC,R225,10k 0.1%,Resistor_SMD:R_0603_1608Metric,Yageo,RC0603FR-0710KL,1,
AK5558-ADC,R226,10k 0.1%,Resistor_SMD:R_0603_1608Metric,Yageo,RC0603FR-0710KL,1,
AK5558-ADC,R227,10k 0.1%,Resistor_SMD:R_0603_1608Metric,Yageo,RC0603FR-0710KL,1,
AK5558-ADC,R228,10k 0.1%,Resistor_SMD:R_0603_1608Metric,Yageo,RC0603FR-0710KL,1,
AK5558-ADC,R241,10k 0.1%,Resistor_SMD:R_0603_1608Metric,Yageo,RC0603FR-0710KL,1,
AK5558-ADC,R242,10k 0.1%,Resistor_SMD:R_0603_1608Metric,Yageo,RC0603FR-0710KL,1,
AK5558-ADC,R243,10k 0.1%,Resistor_SMD:R_0603_1608Metric,Yageo,RC0603FR-0710KL,1,
AK5558-ADC,R244,10k 0.1%,Resistor_SMD:R_0603_1608Metric,Yageo,RC0603FR-0710KL,1,
AK5558-ADC,R245,10k 0.1%,Resistor_SMD:R_0603_1608Metric,Yageo,RC0603FR-0710KL,1,
AK5558-ADC,R246,10k 0.1%,Resistor_SMD:R_0603_1608Metric,Yageo,RC0603FR-0710KL,1,
AK5558-ADC,R247,10k 0.1%,Resistor_SMD:R_0603_1608Metric,Yageo,RC0603FR-0710KL,1,
AK5558-ADC,R248,10k 0.1%,Resistor_SMD:R_0603_1608Metric,Yageo,RC0603FR-0710KL,1,
AK5558-ADC,R249,10k 0.1%,Resistor_SMD:R_0603_1608Metric,Yageo,RC0603FR-0710KL,1,
AK5558-ADC,R250,10k 0.1%,Resistor_SMD:R_0603_1608Metric,Yageo,RC0603FR-0710KL,1,
AK5558-ADC,R261,20R,Resistor_SMD:R_0603_1608Metric,Yageo,RC0603FR-0720RL,1,
AK5558-ADC,R262,20R,Resistor_SMD:R_0603_1608Metric,Yageo,RC0603FR-0720RL,1,
AK5558-ADC,R263,20R,Resistor_SMD:R_0603_1608Metric,Yageo,RC0603FR-0720RL,1,
AK5558-ADC,R264,20R,Resistor_SMD:R_0603_1608Metric,Yageo,RC0603FR-0720RL,1,
AK5558-ADC,U201,AK5558VN,Package_DFN_QFN:QFN-64-1EP_9x9mm_P0.5mm_EP6x6mm_ThermalVias,Asahi Kasei Microdevices,AK5558VN,1,HOLD: exposed-pad/stencil/assembly coupon
AK4458-DAC,C351,100nF,Capacitor_SMD:C_0402_1005Metric,TDK,C1005X7R1H104K050BB,1,
AK4458-DAC,C352,100nF,Capacitor_SMD:C_0402_1005Metric,TDK,C1005X7R1H104K050BB,1,
AK4458-DAC,C353,100nF,Capacitor_SMD:C_0402_1005Metric,TDK,C1005X7R1H104K050BB,1,
AK4458-DAC,C354,100nF,Capacitor_SMD:C_0402_1005Metric,TDK,C1005X7R1H104K050BB,1,
AK4458-DAC,C361,220uF 6.3V polymer,Capacitor_SMD:CP_Elec_8x6.9,Panasonic,6SVP220MX,1,
AK4458-DAC,C362,220uF 6.3V polymer,Capacitor_SMD:CP_Elec_8x6.9,Panasonic,6SVP220MX,1,
AK4458-DAC,C363,220uF 6.3V polymer,Capacitor_SMD:CP_Elec_8x6.9,Panasonic,6SVP220MX,1,
AK4458-DAC,C364,220uF 6.3V polymer,Capacitor_SMD:CP_Elec_8x6.9,Panasonic,6SVP220MX,1,
AK4458-DAC,C371,1uF,Capacitor_SMD:C_0603_1608Metric,Murata,GRM188R71A105KA61D,1,
AK4458-DAC,C372,100nF,Capacitor_SMD:C_0402_1005Metric,TDK,C1005X7R1H104K050BB,1,
AK4458-DAC,C373,10uF,Capacitor_SMD:C_0603_1608Metric,Murata,GRM188R71A106KA73D,1,
AK4458-DAC,C374,100nF,Capacitor_SMD:C_0402_1005Metric,TDK,C1005X7R1H104K050BB,1,
AK4458-DAC,C375,10uF,Capacitor_SMD:C_0603_1608Metric,Murata,GRM188R71A106KA73D,1,
AK4458-DAC,R321,10k 0.1%,Resistor_SMD:R_0603_1608Metric,Yageo,RC0603FR-0710KL,1,
AK4458-DAC,R322,10k 0.1%,Resistor_SMD:R_0603_1608Metric,Yageo,RC0603FR-0710KL,1,
AK4458-DAC,R323,10k 0.1%,Resistor_SMD:R_0603_1608Metric,Yageo,RC0603FR-0710KL,1,
AK4458-DAC,R331,10k 0.1%,Resistor_SMD:R_0603_1608Metric,Yageo,RC0603FR-0710KL,1,
AK4458-DAC,R332,10k 0.1%,Resistor_SMD:R_0603_1608Metric,Yageo,RC0603FR-0710KL,1,
AK4458-DAC,R351,10R,Resistor_SMD:R_0603_1608Metric,Yageo,RC0603FR-0710RL,1,
AK4458-DAC,R352,10R,Resistor_SMD:R_0603_1608Metric,Yageo,RC0603FR-0710RL,1,
AK4458-DAC,R353,10R,Resistor_SMD:R_0603_1608Metric,Yageo,RC0603FR-0710RL,1,
AK4458-DAC,R354,10R,Resistor_SMD:R_0603_1608Metric,Yageo,RC0603FR-0710RL,1,
AK4458-DAC,U301,AK4458VN,Package_DFN_QFN:QFN-48-1EP_7x7mm_P0.5mm_EP5.15x5.15mm_ThermalVias,Asahi Kasei Microdevices,AK4458VN,1,HOLD: exposed-pad/stencil/assembly coupon
Audio-Inputs,C4030,470pF C0G,Capacitor_SMD:C_0603_1608Metric,Murata,GRM1885C1H471JA01D,1,
Audio-Inputs,C4031,470pF C0G,Capacitor_SMD:C_0603_1608Metric,Murata,GRM1885C1H471JA01D,1,
Audio-Inputs,C4032,100pF C0G,Capacitor_SMD:C_0603_1608Metric,Murata,GRM1885C1H101JA01D,1,
Audio-Inputs,C4033,10uF bipolar,Capacitor_THT:CP_Radial_D5.0mm_P2.00mm,Nichicon,UES1H100MDM1TD,1,
Audio-Inputs,C4034,3.3nF C0G,Capacitor_SMD:C_0603_1608Metric,Murata,GRM1885C1H332JA01D,1,
Audio-Inputs,C4035,100nF,Capacitor_SMD:C_0402_1005Metric,TDK,C1005X7R1H104K050BB,1,
Audio-Inputs,C4036,100nF,Capacitor_SMD:C_0402_1005Metric,TDK,C1005X7R1H104K050BB,1,
Audio-Inputs,C4037,100nF,Capacitor_SMD:C_0402_1005Metric,TDK,C1005X7R1H104K050BB,1,
Audio-Inputs,C4060,470pF C0G,Capacitor_SMD:C_0603_1608Metric,Murata,GRM1885C1H471JA01D,1,
Audio-Inputs,C4061,470pF C0G,Capacitor_SMD:C_0603_1608Metric,Murata,GRM1885C1H471JA01D,1,
Audio-Inputs,C4062,100pF C0G,Capacitor_SMD:C_0603_1608Metric,Murata,GRM1885C1H101JA01D,1,
Audio-Inputs,C4063,10uF bipolar,Capacitor_THT:CP_Radial_D5.0mm_P2.00mm,Nichicon,UES1H100MDM1TD,1,
Audio-Inputs,C4064,3.3nF C0G,Capacitor_SMD:C_0603_1608Metric,Murata,GRM1885C1H332JA01D,1,
Audio-Inputs,C4065,100nF,Capacitor_SMD:C_0402_1005Metric,TDK,C1005X7R1H104K050BB,1,
Audio-Inputs,C4066,100nF,Capacitor_SMD:C_0402_1005Metric,TDK,C1005X7R1H104K050BB,1,
Audio-Inputs,C4067,100nF,Capacitor_SMD:C_0402_1005Metric,TDK,C1005X7R1H104K050BB,1,
Audio-Inputs,C4090,470pF C0G,Capacitor_SMD:C_0603_1608Metric,Murata,GRM1885C1H471JA01D,1,
Audio-Inputs,C4091,470pF C0G,Capacitor_SMD:C_0603_1608Metric,Murata,GRM1885C1H471JA01D,1,
Audio-Inputs,C4092,100pF C0G,Capacitor_SMD:C_0603_1608Metric,Murata,GRM1885C1H101JA01D,1,
Audio-Inputs,C4093,10uF bipolar,Capacitor_THT:CP_Radial_D5.0mm_P2.00mm,Nichicon,UES1H100MDM1TD,1,
Audio-Inputs,C4094,3.3nF C0G,Capacitor_SMD:C_0603_1608Metric,Murata,GRM1885C1H332JA01D,1,
Audio-Inputs,C4095,100nF,Capacitor_SMD:C_0402_1005Metric,TDK,C1005X7R1H104K050BB,1,
Audio-Inputs,C4096,100nF,Capacitor_SMD:C_0402_1005Metric,TDK,C1005X7R1H104K050BB,1,
Audio-Inputs,C4097,100nF,Capacitor_SMD:C_0402_1005Metric,TDK,C1005X7R1H104K050BB,1,
Audio-Inputs,C4120,470pF C0G,Capacitor_SMD:C_0603_1608Metric,Murata,GRM1885C1H471JA01D,1,
Audio-Inputs,C4121,470pF C0G,Capacitor_SMD:C_0603_1608Metric,Murata,GRM1885C1H471JA01D,1,
Audio-Inputs,C4122,100pF C0G,Capacitor_SMD:C_0603_1608Metric,Murata,GRM1885C1H101JA01D,1,
Audio-Inputs,C4123,10uF bipolar,Capacitor_THT:CP_Radial_D5.0mm_P2.00mm,Nichicon,UES1H100MDM1TD,1,
Audio-Inputs,C4124,3.3nF C0G,Capacitor_SMD:C_0603_1608Metric,Murata,GRM1885C1H332JA01D,1,
Audio-Inputs,C4125,100nF,Capacitor_SMD:C_0402_1005Metric,TDK,C1005X7R1H104K050BB,1,
Audio-Inputs,C4126,100nF,Capacitor_SMD:C_0402_1005Metric,TDK,C1005X7R1H104K050BB,1,
Audio-Inputs,C4127,100nF,Capacitor_SMD:C_0402_1005Metric,TDK,C1005X7R1H104K050BB,1,
Audio-Inputs,C4150,470pF C0G,Capacitor_SMD:C_0603_1608Metric,Murata,GRM1885C1H471JA01D,1,
Audio-Inputs,C4151,470pF C0G,Capacitor_SMD:C_0603_1608Metric,Murata,GRM1885C1H471JA01D,1,
Audio-Inputs,C4152,100pF C0G,Capacitor_SMD:C_0603_1608Metric,Murata,GRM1885C1H101JA01D,1,
Audio-Inputs,C4153,10uF bipolar,Capacitor_THT:CP_Radial_D5.0mm_P2.00mm,Nichicon,UES1H100MDM1TD,1,
Audio-Inputs,C4154,3.3nF C0G,Capacitor_SMD:C_0603_1608Metric,Murata,GRM1885C1H332JA01D,1,
Audio-Inputs,C4155,100nF,Capacitor_SMD:C_0402_1005Metric,TDK,C1005X7R1H104K050BB,1,
Audio-Inputs,C4156,100nF,Capacitor_SMD:C_0402_1005Metric,TDK,C1005X7R1H104K050BB,1,
Audio-Inputs,C4157,100nF,Capacitor_SMD:C_0402_1005Metric,TDK,C1005X7R1H104K050BB,1,
Audio-Inputs,C4180,470pF C0G,Capacitor_SMD:C_0603_1608Metric,Murata,GRM1885C1H471JA01D,1,
Audio-Inputs,C4181,470pF C0G,Capacitor_SMD:C_0603_1608Metric,Murata,GRM1885C1H471JA01D,1,
Audio-Inputs,C4182,100pF C0G,Capacitor_SMD:C_0603_1608Metric,Murata,GRM1885C1H101JA01D,1,
Audio-Inputs,C4183,10uF bipolar,Capacitor_THT:CP_Radial_D5.0mm_P2.00mm,Nichicon,UES1H100MDM1TD,1,
Audio-Inputs,C4184,3.3nF C0G,Capacitor_SMD:C_0603_1608Metric,Murata,GRM1885C1H332JA01D,1,
Audio-Inputs,C4185,100nF,Capacitor_SMD:C_0402_1005Metric,TDK,C1005X7R1H104K050BB,1,
Audio-Inputs,C4186,100nF,Capacitor_SMD:C_0402_1005Metric,TDK,C1005X7R1H104K050BB,1,
Audio-Inputs,C4187,100nF,Capacitor_SMD:C_0402_1005Metric,TDK,C1005X7R1H104K050BB,1,
Audio-Inputs,C4210,470pF C0G,Capacitor_SMD:C_0603_1608Metric,Murata,GRM1885C1H471JA01D,1,
Audio-Inputs,C4211,470pF C0G,Capacitor_SMD:C_0603_1608Metric,Murata,GRM1885C1H471JA01D,1,
Audio-Inputs,C4212,100pF C0G,Capacitor_SMD:C_0603_1608Metric,Murata,GRM1885C1H101JA01D,1,
Audio-Inputs,C4213,10uF bipolar,Capacitor_THT:CP_Radial_D5.0mm_P2.00mm,Nichicon,UES1H100MDM1TD,1,
Audio-Inputs,C4214,3.3nF C0G,Capacitor_SMD:C_0603_1608Metric,Murata,GRM1885C1H332JA01D,1,
Audio-Inputs,C4215,100nF,Capacitor_SMD:C_0402_1005Metric,TDK,C1005X7R1H104K050BB,1,
Audio-Inputs,C4216,100nF,Capacitor_SMD:C_0402_1005Metric,TDK,C1005X7R1H104K050BB,1,
Audio-Inputs,C4217,100nF,Capacitor_SMD:C_0402_1005Metric,TDK,C1005X7R1H104K050BB,1,
Audio-Inputs,C4240,470pF C0G,Capacitor_SMD:C_0603_1608Metric,Murata,GRM1885C1H471JA01D,1,
Audio-Inputs,C4241,470pF C0G,Capacitor_SMD:C_0603_1608Metric,Murata,GRM1885C1H471JA01D,1,
Audio-Inputs,C4242,100pF C0G,Capacitor_SMD:C_0603_1608Metric,Murata,GRM1885C1H101JA01D,1,
Audio-Inputs,C4243,10uF bipolar,Capacitor_THT:CP_Radial_D5.0mm_P2.00mm,Nichicon,UES1H100MDM1TD,1,
Audio-Inputs,C4244,3.3nF C0G,Capacitor_SMD:C_0603_1608Metric,Murata,GRM1885C1H332JA01D,1,
Audio-Inputs,C4245,100nF,Capacitor_SMD:C_0402_1005Metric,TDK,C1005X7R1H104K050BB,1,
Audio-Inputs,C4246,100nF,Capacitor_SMD:C_0402_1005Metric,TDK,C1005X7R1H104K050BB,1,
Audio-Inputs,C4247,100nF,Capacitor_SMD:C_0402_1005Metric,TDK,C1005X7R1H104K050BB,1,
Audio-Inputs,D4030,1N4148W,Diode_SMD:D_SOD-123,Diodes Incorporated,1N4148W-7-F,1,
Audio-Inputs,D4031,1N4148W,Diode_SMD:D_SOD-123,Diodes Incorporated,1N4148W-7-F,1,
Audio-Inputs,D4032,1N4148W,Diode_SMD:D_SOD-123,Diodes Incorporated,1N4148W-7-F,1,
Audio-Inputs,D4033,1N4148W,Diode_SMD:D_SOD-123,Diodes Incorporated,1N4148W-7-F,1,
Audio-Inputs,D4034,12V zener,Diode_SMD:D_SOD-123,Diodes Incorporated,BZT52C12-7-F,1,
Audio-Inputs,D4035,12V zener,Diode_SMD:D_SOD-123,Diodes Incorporated,BZT52C12-7-F,1,
Audio-Inputs,D4060,1N4148W,Diode_SMD:D_SOD-123,Diodes Incorporated,1N4148W-7-F,1,
Audio-Inputs,D4061,1N4148W,Diode_SMD:D_SOD-123,Diodes Incorporated,1N4148W-7-F,1,
Audio-Inputs,D4062,1N4148W,Diode_SMD:D_SOD-123,Diodes Incorporated,1N4148W-7-F,1,
Audio-Inputs,D4063,1N4148W,Diode_SMD:D_SOD-123,Diodes Incorporated,1N4148W-7-F,1,
Audio-Inputs,D4064,12V zener,Diode_SMD:D_SOD-123,Diodes Incorporated,BZT52C12-7-F,1,
Audio-Inputs,D4065,12V zener,Diode_SMD:D_SOD-123,Diodes Incorporated,BZT52C12-7-F,1,
Audio-Inputs,D4090,1N4148W,Diode_SMD:D_SOD-123,Diodes Incorporated,1N4148W-7-F,1,
Audio-Inputs,D4091,1N4148W,Diode_SMD:D_SOD-123,Diodes Incorporated,1N4148W-7-F,1,
Audio-Inputs,D4092,1N4148W,Diode_SMD:D_SOD-123,Diodes Incorporated,1N4148W-7-F,1,
Audio-Inputs,D4093,1N4148W,Diode_SMD:D_SOD-123,Diodes Incorporated,1N4148W-7-F,1,
Audio-Inputs,D4094,12V zener,Diode_SMD:D_SOD-123,Diodes Incorporated,BZT52C12-7-F,1,
Audio-Inputs,D4095,12V zener,Diode_SMD:D_SOD-123,Diodes Incorporated,BZT52C12-7-F,1,
Audio-Inputs,D4120,1N4148W,Diode_SMD:D_SOD-123,Diodes Incorporated,1N4148W-7-F,1,
Audio-Inputs,D4121,1N4148W,Diode_SMD:D_SOD-123,Diodes Incorporated,1N4148W-7-F,1,
Audio-Inputs,D4122,1N4148W,Diode_SMD:D_SOD-123,Diodes Incorporated,1N4148W-7-F,1,
Audio-Inputs,D4123,1N4148W,Diode_SMD:D_SOD-123,Diodes Incorporated,1N4148W-7-F,1,
Audio-Inputs,D4124,12V zener,Diode_SMD:D_SOD-123,Diodes Incorporated,BZT52C12-7-F,1,
Audio-Inputs,D4125,12V zener,Diode_SMD:D_SOD-123,Diodes Incorporated,BZT52C12-7-F,1,
Audio-Inputs,D4150,1N4148W,Diode_SMD:D_SOD-123,Diodes Incorporated,1N4148W-7-F,1,
Audio-Inputs,D4151,1N4148W,Diode_SMD:D_SOD-123,Diodes Incorporated,1N4148W-7-F,1,
Audio-Inputs,D4152,1N4148W,Diode_SMD:D_SOD-123,Diodes Incorporated,1N4148W-7-F,1,
Audio-Inputs,D4153,1N4148W,Diode_SMD:D_SOD-123,Diodes Incorporated,1N4148W-7-F,1,
Audio-Inputs,D4154,12V zener,Diode_SMD:D_SOD-123,Diodes Incorporated,BZT52C12-7-F,1,
Audio-Inputs,D4155,12V zener,Diode_SMD:D_SOD-123,Diodes Incorporated,BZT52C12-7-F,1,
Audio-Inputs,D4180,1N4148W,Diode_SMD:D_SOD-123,Diodes Incorporated,1N4148W-7-F,1,
Audio-Inputs,D4181,1N4148W,Diode_SMD:D_SOD-123,Diodes Incorporated,1N4148W-7-F,1,
Audio-Inputs,D4182,1N4148W,Diode_SMD:D_SOD-123,Diodes Incorporated,1N4148W-7-F,1,
Audio-Inputs,D4183,1N4148W,Diode_SMD:D_SOD-123,Diodes Incorporated,1N4148W-7-F,1,
Audio-Inputs,D4184,12V zener,Diode_SMD:D_SOD-123,Diodes Incorporated,BZT52C12-7-F,1,
Audio-Inputs,D4185,12V zener,Diode_SMD:D_SOD-123,Diodes Incorporated,BZT52C12-7-F,1,
Audio-Inputs,D4210,1N4148W,Diode_SMD:D_SOD-123,Diodes Incorporated,1N4148W-7-F,1,
Audio-Inputs,D4211,1N4148W,Diode_SMD:D_SOD-123,Diodes Incorporated,1N4148W-7-F,1,
Audio-Inputs,D4212,1N4148W,Diode_SMD:D_SOD-123,Diodes Incorporated,1N4148W-7-F,1,
Audio-Inputs,D4213,1N4148W,Diode_SMD:D_SOD-123,Diodes Incorporated,1N4148W-7-F,1,
Audio-Inputs,D4214,12V zener,Diode_SMD:D_SOD-123,Diodes Incorporated,BZT52C12-7-F,1,
Audio-Inputs,D4215,12V zener,Diode_SMD:D_SOD-123,Diodes Incorporated,BZT52C12-7-F,1,
Audio-Inputs,D4240,1N4148W,Diode_SMD:D_SOD-123,Diodes Incorporated,1N4148W-7-F,1,
Audio-Inputs,D4241,1N4148W,Diode_SMD:D_SOD-123,Diodes Incorporated,1N4148W-7-F,1,
Audio-Inputs,D4242,1N4148W,Diode_SMD:D_SOD-123,Diodes Incorporated,1N4148W-7-F,1,
Audio-Inputs,D4243,1N4148W,Diode_SMD:D_SOD-123,Diodes Incorporated,1N4148W-7-F,1,
Audio-Inputs,D4244,12V zener,Diode_SMD:D_SOD-123,Diodes Incorporated,BZT52C12-7-F,1,
Audio-Inputs,D4245,12V zener,Diode_SMD:D_SOD-123,Diodes Incorporated,BZT52C12-7-F,1,
Audio-Inputs,R4030,100R,Resistor_SMD:R_0603_1608Metric,Yageo,RC0603FR-07100RL,1,
Audio-Inputs,R4031,100R,Resistor_SMD:R_0603_1608Metric,Yageo,RC0603FR-07100RL,1,
Audio-Inputs,R4036,13k 0.1%,Resistor_SMD:R_0603_1608Metric,Yageo,RC0603FR-0713KL,1,
Audio-Inputs,R4037,1k 0.1%,Resistor_SMD:R_0603_1608Metric,Vishay,TNPW06031K00BEEA,1,
Audio-Inputs,R4038,13k 0.1%,Resistor_SMD:R_0603_1608Metric,Yageo,RC0603FR-0713KL,1,
Audio-Inputs,R4039,1k 0.1%,Resistor_SMD:R_0603_1608Metric,Vishay,TNPW06031K00BEEA,1,
Audio-Inputs,R4040,220R,Resistor_SMD:R_0603_1608Metric,Yageo,RC0603FR-07220RL,1,
Audio-Inputs,R4041,220R,Resistor_SMD:R_0603_1608Metric,Yageo,RC0603FR-07220RL,1,
Audio-Inputs,R4060,100R,Resistor_SMD:R_0603_1608Metric,Yageo,RC0603FR-07100RL,1,
Audio-Inputs,R4061,100R,Resistor_SMD:R_0603_1608Metric,Yageo,RC0603FR-07100RL,1,
Audio-Inputs,R4066,13k 0.1%,Resistor_SMD:R_0603_1608Metric,Yageo,RC0603FR-0713KL,1,
Audio-Inputs,R4067,1k 0.1%,Resistor_SMD:R_0603_1608Metric,Vishay,TNPW06031K00BEEA,1,
Audio-Inputs,R4068,13k 0.1%,Resistor_SMD:R_0603_1608Metric,Yageo,RC0603FR-0713KL,1,
Audio-Inputs,R4069,1k 0.1%,Resistor_SMD:R_0603_1608Metric,Vishay,TNPW06031K00BEEA,1,
Audio-Inputs,R4070,220R,Resistor_SMD:R_0603_1608Metric,Yageo,RC0603FR-07220RL,1,
Audio-Inputs,R4071,220R,Resistor_SMD:R_0603_1608Metric,Yageo,RC0603FR-07220RL,1,
Audio-Inputs,R4090,100R,Resistor_SMD:R_0603_1608Metric,Yageo,RC0603FR-07100RL,1,
Audio-Inputs,R4091,100R,Resistor_SMD:R_0603_1608Metric,Yageo,RC0603FR-07100RL,1,
Audio-Inputs,R4096,13k 0.1%,Resistor_SMD:R_0603_1608Metric,Yageo,RC0603FR-0713KL,1,
Audio-Inputs,R4097,1k 0.1%,Resistor_SMD:R_0603_1608Metric,Vishay,TNPW06031K00BEEA,1,
Audio-Inputs,R4098,13k 0.1%,Resistor_SMD:R_0603_1608Metric,Yageo,RC0603FR-0713KL,1,
Audio-Inputs,R4099,1k 0.1%,Resistor_SMD:R_0603_1608Metric,Vishay,TNPW06031K00BEEA,1,
Audio-Inputs,R4100,220R,Resistor_SMD:R_0603_1608Metric,Yageo,RC0603FR-07220RL,1,
Audio-Inputs,R4101,220R,Resistor_SMD:R_0603_1608Metric,Yageo,RC0603FR-07220RL,1,
Audio-Inputs,R4120,100R,Resistor_SMD:R_0603_1608Metric,Yageo,RC0603FR-07100RL,1,
Audio-Inputs,R4121,100R,Resistor_SMD:R_0603_1608Metric,Yageo,RC0603FR-07100RL,1,
Audio-Inputs,R4126,13k 0.1%,Resistor_SMD:R_0603_1608Metric,Yageo,RC0603FR-0713KL,1,
Audio-Inputs,R4127,1k 0.1%,Resistor_SMD:R_0603_1608Metric,Vishay,TNPW06031K00BEEA,1,
Audio-Inputs,R4128,13k 0.1%,Resistor_SMD:R_0603_1608Metric,Yageo,RC0603FR-0713KL,1,
Audio-Inputs,R4129,1k 0.1%,Resistor_SMD:R_0603_1608Metric,Vishay,TNPW06031K00BEEA,1,
Audio-Inputs,R4130,220R,Resistor_SMD:R_0603_1608Metric,Yageo,RC0603FR-07220RL,1,
Audio-Inputs,R4131,220R,Resistor_SMD:R_0603_1608Metric,Yageo,RC0603FR-07220RL,1,
Audio-Inputs,R4150,100R,Resistor_SMD:R_0603_1608Metric,Yageo,RC0603FR-07100RL,1,
Audio-Inputs,R4151,100R,Resistor_SMD:R_0603_1608Metric,Yageo,RC0603FR-07100RL,1,
Audio-Inputs,R4156,13k 0.1%,Resistor_SMD:R_0603_1608Metric,Yageo,RC0603FR-0713KL,1,
Audio-Inputs,R4157,1k 0.1%,Resistor_SMD:R_0603_1608Metric,Vishay,TNPW06031K00BEEA,1,
Audio-Inputs,R4158,13k 0.1%,Resistor_SMD:R_0603_1608Metric,Yageo,RC0603FR-0713KL,1,
Audio-Inputs,R4159,1k 0.1%,Resistor_SMD:R_0603_1608Metric,Vishay,TNPW06031K00BEEA,1,
Audio-Inputs,R4160,220R,Resistor_SMD:R_0603_1608Metric,Yageo,RC0603FR-07220RL,1,
Audio-Inputs,R4161,220R,Resistor_SMD:R_0603_1608Metric,Yageo,RC0603FR-07220RL,1,
Audio-Inputs,R4180,100R,Resistor_SMD:R_0603_1608Metric,Yageo,RC0603FR-07100RL,1,
Audio-Inputs,R4181,100R,Resistor_SMD:R_0603_1608Metric,Yageo,RC0603FR-07100RL,1,
Audio-Inputs,R4186,13k 0.1%,Resistor_SMD:R_0603_1608Metric,Yageo,RC0603FR-0713KL,1,
Audio-Inputs,R4187,1k 0.1%,Resistor_SMD:R_0603_1608Metric,Vishay,TNPW06031K00BEEA,1,
Audio-Inputs,R4188,13k 0.1%,Resistor_SMD:R_0603_1608Metric,Yageo,RC0603FR-0713KL,1,
Audio-Inputs,R4189,1k 0.1%,Resistor_SMD:R_0603_1608Metric,Vishay,TNPW06031K00BEEA,1,
Audio-Inputs,R4190,220R,Resistor_SMD:R_0603_1608Metric,Yageo,RC0603FR-07220RL,1,
Audio-Inputs,R4191,220R,Resistor_SMD:R_0603_1608Metric,Yageo,RC0603FR-07220RL,1,
Audio-Inputs,R4210,100R,Resistor_SMD:R_0603_1608Metric,Yageo,RC0603FR-07100RL,1,
Audio-Inputs,R4211,100R,Resistor_SMD:R_0603_1608Metric,Yageo,RC0603FR-07100RL,1,
Audio-Inputs,R4216,13k 0.1%,Resistor_SMD:R_0603_1608Metric,Yageo,RC0603FR-0713KL,1,
Audio-Inputs,R4217,1k 0.1%,Resistor_SMD:R_0603_1608Metric,Vishay,TNPW06031K00BEEA,1,
Audio-Inputs,R4218,13k 0.1%,Resistor_SMD:R_0603_1608Metric,Yageo,RC0603FR-0713KL,1,
Audio-Inputs,R4219,1k 0.1%,Resistor_SMD:R_0603_1608Metric,Vishay,TNPW06031K00BEEA,1,
Audio-Inputs,R4220,220R,Resistor_SMD:R_0603_1608Metric,Yageo,RC0603FR-07220RL,1,
Audio-Inputs,R4221,220R,Resistor_SMD:R_0603_1608Metric,Yageo,RC0603FR-07220RL,1,
Audio-Inputs,R4240,100R,Resistor_SMD:R_0603_1608Metric,Yageo,RC0603FR-07100RL,1,
Audio-Inputs,R4241,100R,Resistor_SMD:R_0603_1608Metric,Yageo,RC0603FR-07100RL,1,
Audio-Inputs,R4246,13k 0.1%,Resistor_SMD:R_0603_1608Metric,Yageo,RC0603FR-0713KL,1,
Audio-Inputs,R4247,1k 0.1%,Resistor_SMD:R_0603_1608Metric,Vishay,TNPW06031K00BEEA,1,
Audio-Inputs,R4248,13k 0.1%,Resistor_SMD:R_0603_1608Metric,Yageo,RC0603FR-0713KL,1,
Audio-Inputs,R4249,1k 0.1%,Resistor_SMD:R_0603_1608Metric,Vishay,TNPW06031K00BEEA,1,
Audio-Inputs,R4250,220R,Resistor_SMD:R_0603_1608Metric,Yageo,RC0603FR-07220RL,1,
Audio-Inputs,R4251,220R,Resistor_SMD:R_0603_1608Metric,Yageo,RC0603FR-07220RL,1,
Audio-Inputs,U401,THAT1206S08-U,Package_SO:SOIC-8_3.9x4.9mm_P1.27mm,THAT Corporation,THAT1206S08-U,1,
Audio-Inputs,U402,THAT1206S08-U,Package_SO:SOIC-8_3.9x4.9mm_P1.27mm,THAT Corporation,THAT1206S08-U,1,
Audio-Inputs,U403,THAT1206S08-U,Package_SO:SOIC-8_3.9x4.9mm_P1.27mm,THAT Corporation,THAT1206S08-U,1,
Audio-Inputs,U404,THAT1206S08-U,Package_SO:SOIC-8_3.9x4.9mm_P1.27mm,THAT Corporation,THAT1206S08-U,1,
Audio-Inputs,U405,THAT1206S08-U,Package_SO:SOIC-8_3.9x4.9mm_P1.27mm,THAT Corporation,THAT1206S08-U,1,
Audio-Inputs,U406,THAT1206S08-U,Package_SO:SOIC-8_3.9x4.9mm_P1.27mm,THAT Corporation,THAT1206S08-U,1,
Audio-Inputs,U407,THAT1206S08-U,Package_SO:SOIC-8_3.9x4.9mm_P1.27mm,THAT Corporation,THAT1206S08-U,1,
Audio-Inputs,U408,THAT1206S08-U,Package_SO:SOIC-8_3.9x4.9mm_P1.27mm,THAT Corporation,THAT1206S08-U,1,
Audio-Inputs,U421,OPA1652AIDR,Package_SO:SOIC-8_3.9x4.9mm_P1.27mm,Texas Instruments,OPA1652AIDR,1,
Audio-Inputs,U422,OPA1652AIDR,Package_SO:SOIC-8_3.9x4.9mm_P1.27mm,Texas Instruments,OPA1652AIDR,1,
Audio-Inputs,U423,OPA1652AIDR,Package_SO:SOIC-8_3.9x4.9mm_P1.27mm,Texas Instruments,OPA1652AIDR,1,
Audio-Inputs,U424,OPA1652AIDR,Package_SO:SOIC-8_3.9x4.9mm_P1.27mm,Texas Instruments,OPA1652AIDR,1,
Audio-Inputs,U425,OPA1652AIDR,Package_SO:SOIC-8_3.9x4.9mm_P1.27mm,Texas Instruments,OPA1652AIDR,1,
Audio-Inputs,U426,OPA1652AIDR,Package_SO:SOIC-8_3.9x4.9mm_P1.27mm,Texas Instruments,OPA1652AIDR,1,
Audio-Inputs,U427,OPA1652AIDR,Package_SO:SOIC-8_3.9x4.9mm_P1.27mm,Texas Instruments,OPA1652AIDR,1,
Audio-Inputs,U428,OPA1652AIDR,Package_SO:SOIC-8_3.9x4.9mm_P1.27mm,Texas Instruments,OPA1652AIDR,1,
Audio-Outputs,C5040,470pF C0G,Capacitor_SMD:C_0603_1608Metric,Murata,GRM1885C1H471JA01D,1,
Audio-Outputs,C5041,470pF C0G,Capacitor_SMD:C_0603_1608Metric,Murata,GRM1885C1H471JA01D,1,
Audio-Outputs,C5042,3.9nF C0G,Capacitor_SMD:C_0603_1608Metric,Murata,GRM1885C1H392JA01D,1,
Audio-Outputs,C5043,10uF bipolar,Capacitor_THT:CP_Radial_D5.0mm_P2.00mm,Nichicon,UES1H100MDM1TD,1,
Audio-Outputs,C5044,10uF bipolar,Capacitor_THT:CP_Radial_D5.0mm_P2.00mm,Nichicon,UES1H100MDM1TD,1,
Audio-Outputs,C5045,100pF C0G,Capacitor_SMD:C_0603_1608Metric,Murata,GRM1885C1H101JA01D,1,
Audio-Outputs,C5046,100pF C0G,Capacitor_SMD:C_0603_1608Metric,Murata,GRM1885C1H101JA01D,1,
Audio-Outputs,C5047,100nF,Capacitor_SMD:C_0402_1005Metric,TDK,C1005X7R1H104K050BB,1,
Audio-Outputs,C5048,100nF,Capacitor_SMD:C_0402_1005Metric,TDK,C1005X7R1H104K050BB,1,
Audio-Outputs,C5049,100nF,Capacitor_SMD:C_0402_1005Metric,TDK,C1005X7R1H104K050BB,1,
Audio-Outputs,C5050,100nF,Capacitor_SMD:C_0402_1005Metric,TDK,C1005X7R1H104K050BB,1,
Audio-Outputs,C5080,470pF C0G,Capacitor_SMD:C_0603_1608Metric,Murata,GRM1885C1H471JA01D,1,
Audio-Outputs,C5081,470pF C0G,Capacitor_SMD:C_0603_1608Metric,Murata,GRM1885C1H471JA01D,1,
Audio-Outputs,C5082,3.9nF C0G,Capacitor_SMD:C_0603_1608Metric,Murata,GRM1885C1H392JA01D,1,
Audio-Outputs,C5083,10uF bipolar,Capacitor_THT:CP_Radial_D5.0mm_P2.00mm,Nichicon,UES1H100MDM1TD,1,
Audio-Outputs,C5084,10uF bipolar,Capacitor_THT:CP_Radial_D5.0mm_P2.00mm,Nichicon,UES1H100MDM1TD,1,
Audio-Outputs,C5085,100pF C0G,Capacitor_SMD:C_0603_1608Metric,Murata,GRM1885C1H101JA01D,1,
Audio-Outputs,C5086,100pF C0G,Capacitor_SMD:C_0603_1608Metric,Murata,GRM1885C1H101JA01D,1,
Audio-Outputs,C5087,100nF,Capacitor_SMD:C_0402_1005Metric,TDK,C1005X7R1H104K050BB,1,
Audio-Outputs,C5088,100nF,Capacitor_SMD:C_0402_1005Metric,TDK,C1005X7R1H104K050BB,1,
Audio-Outputs,C5089,100nF,Capacitor_SMD:C_0402_1005Metric,TDK,C1005X7R1H104K050BB,1,
Audio-Outputs,C5090,100nF,Capacitor_SMD:C_0402_1005Metric,TDK,C1005X7R1H104K050BB,1,
Audio-Outputs,C5120,470pF C0G,Capacitor_SMD:C_0603_1608Metric,Murata,GRM1885C1H471JA01D,1,
Audio-Outputs,C5121,470pF C0G,Capacitor_SMD:C_0603_1608Metric,Murata,GRM1885C1H471JA01D,1,
Audio-Outputs,C5122,3.9nF C0G,Capacitor_SMD:C_0603_1608Metric,Murata,GRM1885C1H392JA01D,1,
Audio-Outputs,C5123,10uF bipolar,Capacitor_THT:CP_Radial_D5.0mm_P2.00mm,Nichicon,UES1H100MDM1TD,1,
Audio-Outputs,C5124,10uF bipolar,Capacitor_THT:CP_Radial_D5.0mm_P2.00mm,Nichicon,UES1H100MDM1TD,1,
Audio-Outputs,C5125,100pF C0G,Capacitor_SMD:C_0603_1608Metric,Murata,GRM1885C1H101JA01D,1,
Audio-Outputs,C5126,100pF C0G,Capacitor_SMD:C_0603_1608Metric,Murata,GRM1885C1H101JA01D,1,
Audio-Outputs,C5127,100nF,Capacitor_SMD:C_0402_1005Metric,TDK,C1005X7R1H104K050BB,1,
Audio-Outputs,C5128,100nF,Capacitor_SMD:C_0402_1005Metric,TDK,C1005X7R1H104K050BB,1,
Audio-Outputs,C5129,100nF,Capacitor_SMD:C_0402_1005Metric,TDK,C1005X7R1H104K050BB,1,
Audio-Outputs,C5130,100nF,Capacitor_SMD:C_0402_1005Metric,TDK,C1005X7R1H104K050BB,1,
Audio-Outputs,C5160,470pF C0G,Capacitor_SMD:C_0603_1608Metric,Murata,GRM1885C1H471JA01D,1,
Audio-Outputs,C5161,470pF C0G,Capacitor_SMD:C_0603_1608Metric,Murata,GRM1885C1H471JA01D,1,
Audio-Outputs,C5162,3.9nF C0G,Capacitor_SMD:C_0603_1608Metric,Murata,GRM1885C1H392JA01D,1,
Audio-Outputs,C5163,10uF bipolar,Capacitor_THT:CP_Radial_D5.0mm_P2.00mm,Nichicon,UES1H100MDM1TD,1,
Audio-Outputs,C5164,10uF bipolar,Capacitor_THT:CP_Radial_D5.0mm_P2.00mm,Nichicon,UES1H100MDM1TD,1,
Audio-Outputs,C5165,100pF C0G,Capacitor_SMD:C_0603_1608Metric,Murata,GRM1885C1H101JA01D,1,
Audio-Outputs,C5166,100pF C0G,Capacitor_SMD:C_0603_1608Metric,Murata,GRM1885C1H101JA01D,1,
Audio-Outputs,C5167,100nF,Capacitor_SMD:C_0402_1005Metric,TDK,C1005X7R1H104K050BB,1,
Audio-Outputs,C5168,100nF,Capacitor_SMD:C_0402_1005Metric,TDK,C1005X7R1H104K050BB,1,
Audio-Outputs,C5169,100nF,Capacitor_SMD:C_0402_1005Metric,TDK,C1005X7R1H104K050BB,1,
Audio-Outputs,C5170,100nF,Capacitor_SMD:C_0402_1005Metric,TDK,C1005X7R1H104K050BB,1,
Audio-Outputs,C5200,470pF C0G,Capacitor_SMD:C_0603_1608Metric,Murata,GRM1885C1H471JA01D,1,
Audio-Outputs,C5201,470pF C0G,Capacitor_SMD:C_0603_1608Metric,Murata,GRM1885C1H471JA01D,1,
Audio-Outputs,C5202,3.9nF C0G,Capacitor_SMD:C_0603_1608Metric,Murata,GRM1885C1H392JA01D,1,
Audio-Outputs,C5203,10uF bipolar,Capacitor_THT:CP_Radial_D5.0mm_P2.00mm,Nichicon,UES1H100MDM1TD,1,
Audio-Outputs,C5204,10uF bipolar,Capacitor_THT:CP_Radial_D5.0mm_P2.00mm,Nichicon,UES1H100MDM1TD,1,
Audio-Outputs,C5205,100pF C0G,Capacitor_SMD:C_0603_1608Metric,Murata,GRM1885C1H101JA01D,1,
Audio-Outputs,C5206,100pF C0G,Capacitor_SMD:C_0603_1608Metric,Murata,GRM1885C1H101JA01D,1,
Audio-Outputs,C5207,100nF,Capacitor_SMD:C_0402_1005Metric,TDK,C1005X7R1H104K050BB,1,
Audio-Outputs,C5208,100nF,Capacitor_SMD:C_0402_1005Metric,TDK,C1005X7R1H104K050BB,1,
Audio-Outputs,C5209,100nF,Capacitor_SMD:C_0402_1005Metric,TDK,C1005X7R1H104K050BB,1,
Audio-Outputs,C5210,100nF,Capacitor_SMD:C_0402_1005Metric,TDK,C1005X7R1H104K050BB,1,
Audio-Outputs,C5240,470pF C0G,Capacitor_SMD:C_0603_1608Metric,Murata,GRM1885C1H471JA01D,1,
Audio-Outputs,C5241,470pF C0G,Capacitor_SMD:C_0603_1608Metric,Murata,GRM1885C1H471JA01D,1,
Audio-Outputs,C5242,3.9nF C0G,Capacitor_SMD:C_0603_1608Metric,Murata,GRM1885C1H392JA01D,1,
Audio-Outputs,C5243,10uF bipolar,Capacitor_THT:CP_Radial_D5.0mm_P2.00mm,Nichicon,UES1H100MDM1TD,1,
Audio-Outputs,C5244,10uF bipolar,Capacitor_THT:CP_Radial_D5.0mm_P2.00mm,Nichicon,UES1H100MDM1TD,1,
Audio-Outputs,C5245,100pF C0G,Capacitor_SMD:C_0603_1608Metric,Murata,GRM1885C1H101JA01D,1,
Audio-Outputs,C5246,100pF C0G,Capacitor_SMD:C_0603_1608Metric,Murata,GRM1885C1H101JA01D,1,
Audio-Outputs,C5247,100nF,Capacitor_SMD:C_0402_1005Metric,TDK,C1005X7R1H104K050BB,1,
Audio-Outputs,C5248,100nF,Capacitor_SMD:C_0402_1005Metric,TDK,C1005X7R1H104K050BB,1,
Audio-Outputs,C5249,100nF,Capacitor_SMD:C_0402_1005Metric,TDK,C1005X7R1H104K050BB,1,
Audio-Outputs,C5250,100nF,Capacitor_SMD:C_0402_1005Metric,TDK,C1005X7R1H104K050BB,1,
Audio-Outputs,C5280,470pF C0G,Capacitor_SMD:C_0603_1608Metric,Murata,GRM1885C1H471JA01D,1,
Audio-Outputs,C5281,470pF C0G,Capacitor_SMD:C_0603_1608Metric,Murata,GRM1885C1H471JA01D,1,
Audio-Outputs,C5282,3.9nF C0G,Capacitor_SMD:C_0603_1608Metric,Murata,GRM1885C1H392JA01D,1,
Audio-Outputs,C5283,10uF bipolar,Capacitor_THT:CP_Radial_D5.0mm_P2.00mm,Nichicon,UES1H100MDM1TD,1,
Audio-Outputs,C5284,10uF bipolar,Capacitor_THT:CP_Radial_D5.0mm_P2.00mm,Nichicon,UES1H100MDM1TD,1,
Audio-Outputs,C5285,100pF C0G,Capacitor_SMD:C_0603_1608Metric,Murata,GRM1885C1H101JA01D,1,
Audio-Outputs,C5286,100pF C0G,Capacitor_SMD:C_0603_1608Metric,Murata,GRM1885C1H101JA01D,1,
Audio-Outputs,C5287,100nF,Capacitor_SMD:C_0402_1005Metric,TDK,C1005X7R1H104K050BB,1,
Audio-Outputs,C5288,100nF,Capacitor_SMD:C_0402_1005Metric,TDK,C1005X7R1H104K050BB,1,
Audio-Outputs,C5289,100nF,Capacitor_SMD:C_0402_1005Metric,TDK,C1005X7R1H104K050BB,1,
Audio-Outputs,C5290,100nF,Capacitor_SMD:C_0402_1005Metric,TDK,C1005X7R1H104K050BB,1,
Audio-Outputs,C5320,470pF C0G,Capacitor_SMD:C_0603_1608Metric,Murata,GRM1885C1H471JA01D,1,
Audio-Outputs,C5321,470pF C0G,Capacitor_SMD:C_0603_1608Metric,Murata,GRM1885C1H471JA01D,1,
Audio-Outputs,C5322,3.9nF C0G,Capacitor_SMD:C_0603_1608Metric,Murata,GRM1885C1H392JA01D,1,
Audio-Outputs,C5323,10uF bipolar,Capacitor_THT:CP_Radial_D5.0mm_P2.00mm,Nichicon,UES1H100MDM1TD,1,
Audio-Outputs,C5324,10uF bipolar,Capacitor_THT:CP_Radial_D5.0mm_P2.00mm,Nichicon,UES1H100MDM1TD,1,
Audio-Outputs,C5325,100pF C0G,Capacitor_SMD:C_0603_1608Metric,Murata,GRM1885C1H101JA01D,1,
Audio-Outputs,C5326,100pF C0G,Capacitor_SMD:C_0603_1608Metric,Murata,GRM1885C1H101JA01D,1,
Audio-Outputs,C5327,100nF,Capacitor_SMD:C_0402_1005Metric,TDK,C1005X7R1H104K050BB,1,
Audio-Outputs,C5328,100nF,Capacitor_SMD:C_0402_1005Metric,TDK,C1005X7R1H104K050BB,1,
Audio-Outputs,C5329,100nF,Capacitor_SMD:C_0402_1005Metric,TDK,C1005X7R1H104K050BB,1,
Audio-Outputs,C5330,100nF,Capacitor_SMD:C_0402_1005Metric,TDK,C1005X7R1H104K050BB,1,
Audio-Outputs,D5040,1N4148W,Diode_SMD:D_SOD-123,Diodes Incorporated,1N4148W-7-F,1,
Audio-Outputs,D5041,S1G,Diode_SMD:D_SMA,Diodes Incorporated,S1G-13-F,1,
Audio-Outputs,D5042,S1G,Diode_SMD:D_SMA,Diodes Incorporated,S1G-13-F,1,
Audio-Outputs,D5043,S1G,Diode_SMD:D_SMA,Diodes Incorporated,S1G-13-F,1,
Audio-Outputs,D5044,S1G,Diode_SMD:D_SMA,Diodes Incorporated,S1G-13-F,1,
Audio-Outputs,D5080,1N4148W,Diode_SMD:D_SOD-123,Diodes Incorporated,1N4148W-7-F,1,
Audio-Outputs,D5081,S1G,Diode_SMD:D_SMA,Diodes Incorporated,S1G-13-F,1,
Audio-Outputs,D5082,S1G,Diode_SMD:D_SMA,Diodes Incorporated,S1G-13-F,1,
Audio-Outputs,D5083,S1G,Diode_SMD:D_SMA,Diodes Incorporated,S1G-13-F,1,
Audio-Outputs,D5084,S1G,Diode_SMD:D_SMA,Diodes Incorporated,S1G-13-F,1,
Audio-Outputs,D5120,1N4148W,Diode_SMD:D_SOD-123,Diodes Incorporated,1N4148W-7-F,1,
Audio-Outputs,D5121,S1G,Diode_SMD:D_SMA,Diodes Incorporated,S1G-13-F,1,
Audio-Outputs,D5122,S1G,Diode_SMD:D_SMA,Diodes Incorporated,S1G-13-F,1,
Audio-Outputs,D5123,S1G,Diode_SMD:D_SMA,Diodes Incorporated,S1G-13-F,1,
Audio-Outputs,D5124,S1G,Diode_SMD:D_SMA,Diodes Incorporated,S1G-13-F,1,
Audio-Outputs,D5160,1N4148W,Diode_SMD:D_SOD-123,Diodes Incorporated,1N4148W-7-F,1,
Audio-Outputs,D5161,S1G,Diode_SMD:D_SMA,Diodes Incorporated,S1G-13-F,1,
Audio-Outputs,D5162,S1G,Diode_SMD:D_SMA,Diodes Incorporated,S1G-13-F,1,
Audio-Outputs,D5163,S1G,Diode_SMD:D_SMA,Diodes Incorporated,S1G-13-F,1,
Audio-Outputs,D5164,S1G,Diode_SMD:D_SMA,Diodes Incorporated,S1G-13-F,1,
Audio-Outputs,D5200,1N4148W,Diode_SMD:D_SOD-123,Diodes Incorporated,1N4148W-7-F,1,
Audio-Outputs,D5201,S1G,Diode_SMD:D_SMA,Diodes Incorporated,S1G-13-F,1,
Audio-Outputs,D5202,S1G,Diode_SMD:D_SMA,Diodes Incorporated,S1G-13-F,1,
Audio-Outputs,D5203,S1G,Diode_SMD:D_SMA,Diodes Incorporated,S1G-13-F,1,
Audio-Outputs,D5204,S1G,Diode_SMD:D_SMA,Diodes Incorporated,S1G-13-F,1,
Audio-Outputs,D5240,1N4148W,Diode_SMD:D_SOD-123,Diodes Incorporated,1N4148W-7-F,1,
Audio-Outputs,D5241,S1G,Diode_SMD:D_SMA,Diodes Incorporated,S1G-13-F,1,
Audio-Outputs,D5242,S1G,Diode_SMD:D_SMA,Diodes Incorporated,S1G-13-F,1,
Audio-Outputs,D5243,S1G,Diode_SMD:D_SMA,Diodes Incorporated,S1G-13-F,1,
Audio-Outputs,D5244,S1G,Diode_SMD:D_SMA,Diodes Incorporated,S1G-13-F,1,
Audio-Outputs,D5280,1N4148W,Diode_SMD:D_SOD-123,Diodes Incorporated,1N4148W-7-F,1,
Audio-Outputs,D5281,S1G,Diode_SMD:D_SMA,Diodes Incorporated,S1G-13-F,1,
Audio-Outputs,D5282,S1G,Diode_SMD:D_SMA,Diodes Incorporated,S1G-13-F,1,
Audio-Outputs,D5283,S1G,Diode_SMD:D_SMA,Diodes Incorporated,S1G-13-F,1,
Audio-Outputs,D5284,S1G,Diode_SMD:D_SMA,Diodes Incorporated,S1G-13-F,1,
Audio-Outputs,D5320,1N4148W,Diode_SMD:D_SOD-123,Diodes Incorporated,1N4148W-7-F,1,
Audio-Outputs,D5321,S1G,Diode_SMD:D_SMA,Diodes Incorporated,S1G-13-F,1,
Audio-Outputs,D5322,S1G,Diode_SMD:D_SMA,Diodes Incorporated,S1G-13-F,1,
Audio-Outputs,D5323,S1G,Diode_SMD:D_SMA,Diodes Incorporated,S1G-13-F,1,
Audio-Outputs,D5324,S1G,Diode_SMD:D_SMA,Diodes Incorporated,S1G-13-F,1,
Audio-Outputs,K501,TQ2-12V,CM5Carrier:Panasonic_TQ2-12V_PRELIMINARY,Panasonic Industry,TQ2-12V,1,HOLD: relay land-pattern/insertion coupon
Audio-Outputs,K502,TQ2-12V,CM5Carrier:Panasonic_TQ2-12V_PRELIMINARY,Panasonic Industry,TQ2-12V,1,HOLD: relay land-pattern/insertion coupon
Audio-Outputs,K503,TQ2-12V,CM5Carrier:Panasonic_TQ2-12V_PRELIMINARY,Panasonic Industry,TQ2-12V,1,HOLD: relay land-pattern/insertion coupon
Audio-Outputs,K504,TQ2-12V,CM5Carrier:Panasonic_TQ2-12V_PRELIMINARY,Panasonic Industry,TQ2-12V,1,HOLD: relay land-pattern/insertion coupon
Audio-Outputs,K505,TQ2-12V,CM5Carrier:Panasonic_TQ2-12V_PRELIMINARY,Panasonic Industry,TQ2-12V,1,HOLD: relay land-pattern/insertion coupon
Audio-Outputs,K506,TQ2-12V,CM5Carrier:Panasonic_TQ2-12V_PRELIMINARY,Panasonic Industry,TQ2-12V,1,HOLD: relay land-pattern/insertion coupon
Audio-Outputs,K507,TQ2-12V,CM5Carrier:Panasonic_TQ2-12V_PRELIMINARY,Panasonic Industry,TQ2-12V,1,HOLD: relay land-pattern/insertion coupon
Audio-Outputs,K508,TQ2-12V,CM5Carrier:Panasonic_TQ2-12V_PRELIMINARY,Panasonic Industry,TQ2-12V,1,HOLD: relay land-pattern/insertion coupon
Audio-Outputs,L5040,220R ferrite,Inductor_SMD:L_0805_2012Metric,Murata,BLM21PG221SN1D,1,
Audio-Outputs,L5041,220R ferrite,Inductor_SMD:L_0805_2012Metric,Murata,BLM21PG221SN1D,1,
Audio-Outputs,L5080,220R ferrite,Inductor_SMD:L_0805_2012Metric,Murata,BLM21PG221SN1D,1,
Audio-Outputs,L5081,220R ferrite,Inductor_SMD:L_0805_2012Metric,Murata,BLM21PG221SN1D,1,
Audio-Outputs,L5120,220R ferrite,Inductor_SMD:L_0805_2012Metric,Murata,BLM21PG221SN1D,1,
Audio-Outputs,L5121,220R ferrite,Inductor_SMD:L_0805_2012Metric,Murata,BLM21PG221SN1D,1,
Audio-Outputs,L5160,220R ferrite,Inductor_SMD:L_0805_2012Metric,Murata,BLM21PG221SN1D,1,
Audio-Outputs,L5161,220R ferrite,Inductor_SMD:L_0805_2012Metric,Murata,BLM21PG221SN1D,1,
Audio-Outputs,L5200,220R ferrite,Inductor_SMD:L_0805_2012Metric,Murata,BLM21PG221SN1D,1,
Audio-Outputs,L5201,220R ferrite,Inductor_SMD:L_0805_2012Metric,Murata,BLM21PG221SN1D,1,
Audio-Outputs,L5240,220R ferrite,Inductor_SMD:L_0805_2012Metric,Murata,BLM21PG221SN1D,1,
Audio-Outputs,L5241,220R ferrite,Inductor_SMD:L_0805_2012Metric,Murata,BLM21PG221SN1D,1,
Audio-Outputs,L5280,220R ferrite,Inductor_SMD:L_0805_2012Metric,Murata,BLM21PG221SN1D,1,
Audio-Outputs,L5281,220R ferrite,Inductor_SMD:L_0805_2012Metric,Murata,BLM21PG221SN1D,1,
Audio-Outputs,L5320,220R ferrite,Inductor_SMD:L_0805_2012Metric,Murata,BLM21PG221SN1D,1,
Audio-Outputs,L5321,220R ferrite,Inductor_SMD:L_0805_2012Metric,Murata,BLM21PG221SN1D,1,
Audio-Outputs,Q501,2N7002K,Package_TO_SOT_SMD:SOT-23,Diodes Incorporated,2N7002K-7,1,
Audio-Outputs,Q502,2N7002K,Package_TO_SOT_SMD:SOT-23,Diodes Incorporated,2N7002K-7,1,
Audio-Outputs,Q503,2N7002K,Package_TO_SOT_SMD:SOT-23,Diodes Incorporated,2N7002K-7,1,
Audio-Outputs,Q504,2N7002K,Package_TO_SOT_SMD:SOT-23,Diodes Incorporated,2N7002K-7,1,
Audio-Outputs,Q505,2N7002K,Package_TO_SOT_SMD:SOT-23,Diodes Incorporated,2N7002K-7,1,
Audio-Outputs,Q506,2N7002K,Package_TO_SOT_SMD:SOT-23,Diodes Incorporated,2N7002K-7,1,
Audio-Outputs,Q507,2N7002K,Package_TO_SOT_SMD:SOT-23,Diodes Incorporated,2N7002K-7,1,
Audio-Outputs,Q508,2N7002K,Package_TO_SOT_SMD:SOT-23,Diodes Incorporated,2N7002K-7,1,
Audio-Outputs,R5040,3.9k 0.1%,Resistor_SMD:R_0603_1608Metric,Yageo,RC0603FR-073K9L,1,
Audio-Outputs,R5041,3.9k 0.1%,Resistor_SMD:R_0603_1608Metric,Yageo,RC0603FR-073K9L,1,
Audio-Outputs,R5042,4.7k 0.1%,Resistor_SMD:R_0603_1608Metric,Yageo,RC0603FR-074K7L,1,
Audio-Outputs,R5043,4.7k 0.1%,Resistor_SMD:R_0603_1608Metric,Yageo,RC0603FR-074K7L,1,
Audio-Outputs,R5044,150R,Resistor_SMD:R_0603_1608Metric,Yageo,RC0603FR-07150RL,1,
Audio-Outputs,R5045,21.5k 0.1%,Resistor_SMD:R_0603_1608Metric,Vishay,TNPW060321K5BEEA,1,
Audio-Outputs,R5046,10k 0.1%,Resistor_SMD:R_0603_1608Metric,Yageo,RC0603FR-0710KL,1,
Audio-Outputs,R5080,3.9k 0.1%,Resistor_SMD:R_0603_1608Metric,Yageo,RC0603FR-073K9L,1,
Audio-Outputs,R5081,3.9k 0.1%,Resistor_SMD:R_0603_1608Metric,Yageo,RC0603FR-073K9L,1,
Audio-Outputs,R5082,4.7k 0.1%,Resistor_SMD:R_0603_1608Metric,Yageo,RC0603FR-074K7L,1,
Audio-Outputs,R5083,4.7k 0.1%,Resistor_SMD:R_0603_1608Metric,Yageo,RC0603FR-074K7L,1,
Audio-Outputs,R5084,150R,Resistor_SMD:R_0603_1608Metric,Yageo,RC0603FR-07150RL,1,
Audio-Outputs,R5085,21.5k 0.1%,Resistor_SMD:R_0603_1608Metric,Vishay,TNPW060321K5BEEA,1,
Audio-Outputs,R5086,10k 0.1%,Resistor_SMD:R_0603_1608Metric,Yageo,RC0603FR-0710KL,1,
Audio-Outputs,R5120,3.9k 0.1%,Resistor_SMD:R_0603_1608Metric,Yageo,RC0603FR-073K9L,1,
Audio-Outputs,R5121,3.9k 0.1%,Resistor_SMD:R_0603_1608Metric,Yageo,RC0603FR-073K9L,1,
Audio-Outputs,R5122,4.7k 0.1%,Resistor_SMD:R_0603_1608Metric,Yageo,RC0603FR-074K7L,1,
Audio-Outputs,R5123,4.7k 0.1%,Resistor_SMD:R_0603_1608Metric,Yageo,RC0603FR-074K7L,1,
Audio-Outputs,R5124,150R,Resistor_SMD:R_0603_1608Metric,Yageo,RC0603FR-07150RL,1,
Audio-Outputs,R5125,21.5k 0.1%,Resistor_SMD:R_0603_1608Metric,Vishay,TNPW060321K5BEEA,1,
Audio-Outputs,R5126,10k 0.1%,Resistor_SMD:R_0603_1608Metric,Yageo,RC0603FR-0710KL,1,
Audio-Outputs,R5160,3.9k 0.1%,Resistor_SMD:R_0603_1608Metric,Yageo,RC0603FR-073K9L,1,
Audio-Outputs,R5161,3.9k 0.1%,Resistor_SMD:R_0603_1608Metric,Yageo,RC0603FR-073K9L,1,
Audio-Outputs,R5162,4.7k 0.1%,Resistor_SMD:R_0603_1608Metric,Yageo,RC0603FR-074K7L,1,
Audio-Outputs,R5163,4.7k 0.1%,Resistor_SMD:R_0603_1608Metric,Yageo,RC0603FR-074K7L,1,
Audio-Outputs,R5164,150R,Resistor_SMD:R_0603_1608Metric,Yageo,RC0603FR-07150RL,1,
Audio-Outputs,R5165,21.5k 0.1%,Resistor_SMD:R_0603_1608Metric,Vishay,TNPW060321K5BEEA,1,
Audio-Outputs,R5166,10k 0.1%,Resistor_SMD:R_0603_1608Metric,Yageo,RC0603FR-0710KL,1,
Audio-Outputs,R5200,3.9k 0.1%,Resistor_SMD:R_0603_1608Metric,Yageo,RC0603FR-073K9L,1,
Audio-Outputs,R5201,3.9k 0.1%,Resistor_SMD:R_0603_1608Metric,Yageo,RC0603FR-073K9L,1,
Audio-Outputs,R5202,4.7k 0.1%,Resistor_SMD:R_0603_1608Metric,Yageo,RC0603FR-074K7L,1,
Audio-Outputs,R5203,4.7k 0.1%,Resistor_SMD:R_0603_1608Metric,Yageo,RC0603FR-074K7L,1,
Audio-Outputs,R5204,150R,Resistor_SMD:R_0603_1608Metric,Yageo,RC0603FR-07150RL,1,
Audio-Outputs,R5205,21.5k 0.1%,Resistor_SMD:R_0603_1608Metric,Vishay,TNPW060321K5BEEA,1,
Audio-Outputs,R5206,10k 0.1%,Resistor_SMD:R_0603_1608Metric,Yageo,RC0603FR-0710KL,1,
Audio-Outputs,R5240,3.9k 0.1%,Resistor_SMD:R_0603_1608Metric,Yageo,RC0603FR-073K9L,1,
Audio-Outputs,R5241,3.9k 0.1%,Resistor_SMD:R_0603_1608Metric,Yageo,RC0603FR-073K9L,1,
Audio-Outputs,R5242,4.7k 0.1%,Resistor_SMD:R_0603_1608Metric,Yageo,RC0603FR-074K7L,1,
Audio-Outputs,R5243,4.7k 0.1%,Resistor_SMD:R_0603_1608Metric,Yageo,RC0603FR-074K7L,1,
Audio-Outputs,R5244,150R,Resistor_SMD:R_0603_1608Metric,Yageo,RC0603FR-07150RL,1,
Audio-Outputs,R5245,21.5k 0.1%,Resistor_SMD:R_0603_1608Metric,Vishay,TNPW060321K5BEEA,1,
Audio-Outputs,R5246,10k 0.1%,Resistor_SMD:R_0603_1608Metric,Yageo,RC0603FR-0710KL,1,
Audio-Outputs,R5280,3.9k 0.1%,Resistor_SMD:R_0603_1608Metric,Yageo,RC0603FR-073K9L,1,
Audio-Outputs,R5281,3.9k 0.1%,Resistor_SMD:R_0603_1608Metric,Yageo,RC0603FR-073K9L,1,
Audio-Outputs,R5282,4.7k 0.1%,Resistor_SMD:R_0603_1608Metric,Yageo,RC0603FR-074K7L,1,
Audio-Outputs,R5283,4.7k 0.1%,Resistor_SMD:R_0603_1608Metric,Yageo,RC0603FR-074K7L,1,
Audio-Outputs,R5284,150R,Resistor_SMD:R_0603_1608Metric,Yageo,RC0603FR-07150RL,1,
Audio-Outputs,R5285,21.5k 0.1%,Resistor_SMD:R_0603_1608Metric,Vishay,TNPW060321K5BEEA,1,
Audio-Outputs,R5286,10k 0.1%,Resistor_SMD:R_0603_1608Metric,Yageo,RC0603FR-0710KL,1,
Audio-Outputs,R5320,3.9k 0.1%,Resistor_SMD:R_0603_1608Metric,Yageo,RC0603FR-073K9L,1,
Audio-Outputs,R5321,3.9k 0.1%,Resistor_SMD:R_0603_1608Metric,Yageo,RC0603FR-073K9L,1,
Audio-Outputs,R5322,4.7k 0.1%,Resistor_SMD:R_0603_1608Metric,Yageo,RC0603FR-074K7L,1,
Audio-Outputs,R5323,4.7k 0.1%,Resistor_SMD:R_0603_1608Metric,Yageo,RC0603FR-074K7L,1,
Audio-Outputs,R5324,150R,Resistor_SMD:R_0603_1608Metric,Yageo,RC0603FR-07150RL,1,
Audio-Outputs,R5325,21.5k 0.1%,Resistor_SMD:R_0603_1608Metric,Vishay,TNPW060321K5BEEA,1,
Audio-Outputs,R5326,10k 0.1%,Resistor_SMD:R_0603_1608Metric,Yageo,RC0603FR-0710KL,1,
Audio-Outputs,U501,OPA1652AIDR,Package_SO:SOIC-8_3.9x4.9mm_P1.27mm,Texas Instruments,OPA1652AIDR,1,
Audio-Outputs,U502,OPA1652AIDR,Package_SO:SOIC-8_3.9x4.9mm_P1.27mm,Texas Instruments,OPA1652AIDR,1,
Audio-Outputs,U503,OPA1652AIDR,Package_SO:SOIC-8_3.9x4.9mm_P1.27mm,Texas Instruments,OPA1652AIDR,1,
Audio-Outputs,U504,OPA1652AIDR,Package_SO:SOIC-8_3.9x4.9mm_P1.27mm,Texas Instruments,OPA1652AIDR,1,
Audio-Outputs,U505,OPA1652AIDR,Package_SO:SOIC-8_3.9x4.9mm_P1.27mm,Texas Instruments,OPA1652AIDR,1,
Audio-Outputs,U506,OPA1652AIDR,Package_SO:SOIC-8_3.9x4.9mm_P1.27mm,Texas Instruments,OPA1652AIDR,1,
Audio-Outputs,U507,OPA1652AIDR,Package_SO:SOIC-8_3.9x4.9mm_P1.27mm,Texas Instruments,OPA1652AIDR,1,
Audio-Outputs,U508,OPA1652AIDR,Package_SO:SOIC-8_3.9x4.9mm_P1.27mm,Texas Instruments,OPA1652AIDR,1,
Audio-Outputs,U521,THAT1646S08-U,Package_SO:SOIC-8_3.9x4.9mm_P1.27mm,THAT Corporation,THAT1646S08-U,1,
Audio-Outputs,U522,THAT1646S08-U,Package_SO:SOIC-8_3.9x4.9mm_P1.27mm,THAT Corporation,THAT1646S08-U,1,
Audio-Outputs,U523,THAT1646S08-U,Package_SO:SOIC-8_3.9x4.9mm_P1.27mm,THAT Corporation,THAT1646S08-U,1,
Audio-Outputs,U524,THAT1646S08-U,Package_SO:SOIC-8_3.9x4.9mm_P1.27mm,THAT Corporation,THAT1646S08-U,1,
Audio-Outputs,U525,THAT1646S08-U,Package_SO:SOIC-8_3.9x4.9mm_P1.27mm,THAT Corporation,THAT1646S08-U,1,
Audio-Outputs,U526,THAT1646S08-U,Package_SO:SOIC-8_3.9x4.9mm_P1.27mm,THAT Corporation,THAT1646S08-U,1,
Audio-Outputs,U527,THAT1646S08-U,Package_SO:SOIC-8_3.9x4.9mm_P1.27mm,THAT Corporation,THAT1646S08-U,1,
Audio-Outputs,U528,THAT1646S08-U,Package_SO:SOIC-8_3.9x4.9mm_P1.27mm,THAT Corporation,THAT1646S08-U,1,
Audio-Power,C601,100nF,Capacitor_SMD:C_0402_1005Metric,TDK,C1005X7R1H104K050BB,1,
Audio-Power,C602,22uF 25V,Capacitor_SMD:C_1210_3225Metric,Murata,GRM32ER71E226KE15L,1,
Audio-Power,C603,22uF 25V,Capacitor_SMD:C_1210_3225Metric,Murata,GRM32ER71E226KE15L,1,
Audio-Power,C610,4.7uF 50V,Capacitor_SMD:C_1206_3216Metric,Murata,GRM31CR71H475KA12L,1,
Audio-Power,C611,4.7uF 50V,Capacitor_SMD:C_1206_3216Metric,Murata,GRM31CR71H475KA12L,1,
Audio-Power,C612,100nF,Capacitor_SMD:C_0402_1005Metric,TDK,C1005X7R1H104K050BB,1,
Audio-Power,C613,100nF,Capacitor_SMD:C_0402_1005Metric,TDK,C1005X7R1H104K050BB,1,
Audio-Power,C620,470nF,Capacitor_SMD:C_0603_1608Metric,Murata,GRM188R71E474KA12D,1,
Audio-Power,C621,4.7uF 50V,Capacitor_SMD:C_1206_3216Metric,Murata,GRM31CR71H475KA12L,1,
Audio-Power,C622,4.7uF 50V,Capacitor_SMD:C_1206_3216Metric,Murata,GRM31CR71H475KA12L,1,
Audio-Power,C623,22uF 10V,Capacitor_SMD:C_0805_2012Metric,Murata,GRM21BR71A226ME44L,1,
Audio-Power,C624,22uF 10V,Capacitor_SMD:C_0805_2012Metric,Murata,GRM21BR71A226ME44L,1,
Audio-Power,C630,470nF,Capacitor_SMD:C_0603_1608Metric,Murata,GRM188R71E474KA12D,1,
Audio-Power,C631,10uF,Capacitor_SMD:C_0603_1608Metric,Murata,GRM188R71A106KA73D,1,
Audio-Power,C632,10uF,Capacitor_SMD:C_0603_1608Metric,Murata,GRM188R71A106KA73D,1,
Audio-Power,C650,470nF,Capacitor_SMD:C_0603_1608Metric,Murata,GRM188R71E474KA12D,1,
Audio-Power,C651,10uF,Capacitor_SMD:C_0603_1608Metric,Murata,GRM188R71A106KA73D,1,
Audio-Power,C652,10uF,Capacitor_SMD:C_0603_1608Metric,Murata,GRM188R71A106KA73D,1,
Audio-Power,C670,1uF,Capacitor_SMD:C_0603_1608Metric,Murata,GRM188R71A105KA61D,1,
Audio-Power,C671,1uF,Capacitor_SMD:C_0603_1608Metric,Murata,GRM188R71A105KA61D,1,
Audio-Power,C672,4.7uF,Capacitor_SMD:C_0805_2012Metric,Murata,GRM21BR71A475KA73L,1,
Audio-Power,C673,100uF 6.3V polymer,Capacitor_SMD:CP_Elec_6.3x5.8,Panasonic,6SVP100M,1,
Audio-Power,F601,3A fuse,Fuse:Fuse_Littelfuse-NANO2-451_453,Littelfuse,0453003.MR,1,
Audio-Power,J102,AUDIO_12V_POWER,Connector_Molex:Molex_Micro-Fit_3.0_43045-0412_2x02_P3.00mm_Vertical,Molex,43045-0412,1,
Audio-Power,L601,2.2uH,Inductor_SMD:L_Coilcraft_XxL4040,Coilcraft,XGL4030-222MEC,1,
Audio-Power,R601,0R power star,Resistor_SMD:R_2512_6332Metric,Yageo,RC2512JK-070RL,1,
Audio-Power,R610,29.4k 0.1%,Resistor_SMD:R_0603_1608Metric,Vishay,TNPW060329K4BEEA,1,
Audio-Power,R611,4.99k 0.1%,Resistor_SMD:R_0603_1608Metric,Yageo,RC0603FR-074K99L,1,
Audio-Power,R612,7.5k 0.1%,Resistor_SMD:R_0603_1608Metric,Yageo,RC0603FR-077K5L,1,
Audio-Power,R613,10k 0.1%,Resistor_SMD:R_0603_1608Metric,Yageo,RC0603FR-0710KL,1,
Audio-Power,R630,499R 1% / 300mA ILIM,Resistor_SMD:R_0603_1608Metric,Yageo,RC0603FR-07499RL,1,
Audio-Power,R631,49.9k 0.1%,Resistor_SMD:R_0603_1608Metric,Vishay,TNPW060349K9BEEA,1,
Audio-Power,R632,140k 1%,Resistor_SMD:R_0603_1608Metric,Yageo,RC0603FR-07140KL,1,
Audio-Power,R633,10k 0.1%,Resistor_SMD:R_0603_1608Metric,Yageo,RC0603FR-0710KL,1,
Audio-Power,R634,100k 1%,Resistor_SMD:R_0603_1608Metric,Yageo,RC0603FR-07100KL,1,
Audio-Power,R650,499R 1% / 300mA ILIM,Resistor_SMD:R_0603_1608Metric,Yageo,RC0603FR-07499RL,1,
Audio-Power,R651,49.9k 0.1%,Resistor_SMD:R_0603_1608Metric,Vishay,TNPW060349K9BEEA,1,
Audio-Power,R652,140k 1%,Resistor_SMD:R_0603_1608Metric,Yageo,RC0603FR-07140KL,1,
Audio-Power,R653,10k 0.1%,Resistor_SMD:R_0603_1608Metric,Yageo,RC0603FR-0710KL,1,
Audio-Power,R654,100k 1%,Resistor_SMD:R_0603_1608Metric,Yageo,RC0603FR-07100KL,1,
Audio-Power,R670,10k 0.1%,Resistor_SMD:R_0603_1608Metric,Yageo,RC0603FR-0710KL,1,
Audio-Power,R671,10k 0.1%,Resistor_SMD:R_0603_1608Metric,Yageo,RC0603FR-0710KL,1,
Audio-Power,U601,TRI 20-1223,CM5Carrier:TRACO_TRI20_DUAL,TRACO Power,TRI 20-1223,1,
Audio-Power,U602,TPS62913RPU,Package_DFN_QFN:Texas_RPU0010A_VQFN-HR-10_2x2mm_P0.5mm,Texas Instruments,TPS62913RPUT,1,
Audio-Power,U603,LT3045IMSE,Package_SO:MSOP-12-1EP_3x4.039mm_P0.65mm_EP1.651x2.845mm_ThermalVias,Analog Devices,LT3045IMSE#TRPBF,1,
Audio-Power,U604,LT3045IMSE,Package_SO:MSOP-12-1EP_3x4.039mm_P0.65mm_EP1.651x2.845mm_ThermalVias,Analog Devices,LT3045IMSE#TRPBF,1,
Audio-Power,U605,TPS7A2033PDBVR,Package_TO_SOT_SMD:SOT-23-5,Texas Instruments,TPS7A2033PDBVR,1,
